{
  "http_method": "GET",
  "results": {
    "DNS": {
      "wan1": {
        "status": "up",
        "latency": 37.6600341796875,
        "jitter": 3.9208014011383057,
        "packet_loss": 0.0,
        "packet_sent": 1062269,
        "packet_received": 1061696,
        "sla_targets_met": [
          1
        ],
        "session": 1688,
        "tx_bandwidth": 2138490,
        "rx_bandwidth": 5203163,
        "state_changed": 1755088690
      },
      "wan2": {
        "status": "up",
        "latency": 47.35319900512695,
        "jitter": 9.817800521850586,
        "packet_loss": 0.0,
        "packet_sent": 1062269,
        "packet_received": 1061918,
        "sla_targets_met": [
          1
        ],
        "session": 1431,
        "tx_bandwidth": 1425059,
        "rx_bandwidth": 9160956,
        "state_changed": 1754941825
      }
    },
    "api_phoenix": {
      "wan1": {
        "status": "up",
        "latency": 36.4129638671875,
        "jitter": 4.034067153930664,
        "packet_loss": 0.0,
        "packet_sent": 1061851,
        "packet_received": 1060936,
        "sla_targets_met": [
          1
        ],
        "session": 1688,
        "tx_bandwidth": 2138490,
        "rx_bandwidth": 5203163,
        "state_changed": 1755088690
      },
      "wan2": {
        "status": "up",
        "latency": 48.90837097167969,
        "jitter": 10.254602432250977,
        "packet_loss": 0.0,
        "packet_sent": 1062016,
        "packet_received": 1061134,
        "sla_targets_met": [
          1
        ],
        "session": 1431,
        "tx_bandwidth": 1425059,
        "rx_bandwidth": 9160956,
        "state_changed": 1754941825
      }
    }
  },
  "vdom": "root",
  "path": "virtual-wan",
  "name": "health-check",
  "status": "success",
  "serial": "FG100FTK24009060",
  "version": "v7.6.3",
  "build": 3510
}