{
  "http_method": "GET",
  "results": {
    "Default_DNS": {
      "wan1": {
        "status": "up",
        "latency": 14.331300735473633,
        "jitter": 3.817466974258423,
        "packet_loss": 0.0,
        "packet_sent": 1778702,
        "packet_received": 1766168,
        "sla_targets_met": [
          1
        ],
        "session": 2044,
        "tx_bandwidth": 900800,
        "rx_bandwidth": 1742741,
        "state_changed": 1754965686
      },
      "wan2": {
        "status": "up",
        "latency": 41.8365364074707,
        "jitter": 16.0307674407959,
        "packet_loss": 4.0,
        "packet_sent": 1778702,
        "packet_received": 1763976,
        "sla_targets_met": [
          1
        ],
        "session": 1423,
        "tx_bandwidth": 416319,
        "rx_bandwidth": 710799,
        "state_changed": 1755066426
      }
    },
    "Google Meet": {
      "wan1": {
        "status": "up",
        "latency": 109.57955169677734,
        "jitter": 14.421266555786133,
        "packet_loss": 0.0,
        "packet_sent": 15086,
        "packet_received": 14963,
        "sla_targets_met": [
          1
        ],
        "session": 2044,
        "tx_bandwidth": 900800,
        "rx_bandwidth": 1742741,
        "state_changed": 1754965686
      },
      "wan2": {
        "status": "up",
        "latency": 165.00953674316406,
        "jitter": 63.00043869018555,
        "packet_loss": 0.0,
        "packet_sent": 15084,
        "packet_received": 14954,
        "sla_targets_met": [
          1
        ],
        "session": 1423,
        "tx_bandwidth": 416319,
        "rx_bandwidth": 710799,
        "state_changed": 1755066426
      }
    },
    "Zoom": {
      "wan1": {
        "status": "up",
        "latency": 24.441499710083008,
        "jitter": 8.432668685913086,
        "packet_loss": 1.0,
        "packet_sent": 15086,
        "packet_received": 14918,
        "sla_targets_met": [
          1
        ],
        "session": 2044,
        "tx_bandwidth": 900800,
        "rx_bandwidth": 1742741,
        "state_changed": 1754965686
      },
      "wan2": {
        "status": "up",
        "latency": 60.81863021850586,
        "jitter": 45.44842529296875,
        "packet_loss": 0.0,
        "packet_sent": 15084,
        "packet_received": 15013,
        "sla_targets_met": [
          1
        ],
        "session": 1423,
        "tx_bandwidth": 416319,
        "rx_bandwidth": 710799,
        "state_changed": 1755066426
      }
    },
    "api_phoenix": {
      "wan1": {
        "status": "up",
        "latency": 43.73683547973633,
        "jitter": 4.260300636291504,
        "packet_loss": 0.0,
        "packet_sent": 617024,
        "packet_received": 616072,
        "sla_targets_met": [
          1
        ],
        "session": 2044,
        "tx_bandwidth": 900800,
        "rx_bandwidth": 1742741,
        "state_changed": 1754965686
      },
      "wan2": {
        "status": "up",
        "latency": 75.98480987548828,
        "jitter": 33.35506820678711,
        "packet_loss": 1.0,
        "packet_sent": 617795,
        "packet_received": 616317,
        "sla_targets_met": [],
        "session": 1423,
        "tx_bandwidth": 416319,
        "rx_bandwidth": 710799,
        "state_changed": 1755066426
      }
    }
  },
  "vdom": "root",
  "path": "virtual-wan",
  "name": "health-check",
  "status": "success",
  "serial": "FG101FTK23004913",
  "version": "v7.4.7",
  "build": 2731
}