{
  "http_method": "GET",
  "results": {
    "Default_DNS": {
      "wan1": {
        "status": "up",
        "latency": 23.980865478515625,
        "jitter": 1.5382999181747437,
        "packet_loss": 0.0,
        "packet_sent": 4666415,
        "packet_received": 4483359,
        "sla_targets_met": [
          1
        ],
        "session": 130,
        "tx_bandwidth": 133739,
        "rx_bandwidth": 60026,
        "state_changed": 1754538581
      },
      "wan2": {
        "status": "up",
        "latency": 23.29159927368164,
        "jitter": 2.5783331394195557,
        "packet_loss": 0.0,
        "packet_sent": 4666415,
        "packet_received": 4606365,
        "sla_targets_met": [
          1
        ],
        "session": 1688,
        "tx_bandwidth": 1887515,
        "rx_bandwidth": 4335801,
        "state_changed": 1755099100
      },
      "port4": {
        "status": "up",
        "latency": 42.05690002441406,
        "jitter": 0.29939982295036316,
        "packet_loss": 0.0,
        "packet_sent": 4666415,
        "packet_received": 4540074,
        "sla_targets_met": [
          1
        ],
        "session": 2238,
        "tx_bandwidth": 1510534,
        "rx_bandwidth": 3030104,
        "state_changed": 1754903042
      }
    },
    "Phoenix_API": {
      "wan1": {
        "status": "up",
        "latency": 25.646699905395508,
        "jitter": 1.8384668827056885,
        "packet_loss": 0.0,
        "packet_sent": 1343400,
        "packet_received": 1174011,
        "sla_targets_met": [
          1
        ],
        "session": 130,
        "tx_bandwidth": 133739,
        "rx_bandwidth": 60026,
        "state_changed": 1754538581
      },
      "wan2": {
        "status": "up",
        "latency": 25.678434371948242,
        "jitter": 3.9529664516448975,
        "packet_loss": 0.0,
        "packet_sent": 1327906,
        "packet_received": 1323898,
        "sla_targets_met": [
          1
        ],
        "session": 1688,
        "tx_bandwidth": 1887515,
        "rx_bandwidth": 4335801,
        "state_changed": 1755099100
      },
      "port4": {
        "status": "up",
        "latency": 19.40999984741211,
        "jitter": 0.9810669422149658,
        "packet_loss": 0.0,
        "packet_sent": 1338902,
        "packet_received": 1335670,
        "sla_targets_met": [
          1
        ],
        "session": 2238,
        "tx_bandwidth": 1510534,
        "rx_bandwidth": 3030104,
        "state_changed": 1754903042
      }
    },
    "RuckusController": {
      "wan1": {
        "status": "up",
        "latency": 70.2893295288086,
        "jitter": 1.250999927520752,
        "packet_loss": 0.0,
        "packet_sent": 1088507,
        "packet_received": 1088445,
        "sla_targets_met": [
          1
        ],
        "session": 130,
        "tx_bandwidth": 133739,
        "rx_bandwidth": 60026,
        "state_changed": 1754538581
      },
      "wan2": {
        "status": "up",
        "latency": 85.77246856689453,
        "jitter": 3.231966733932495,
        "packet_loss": 0.0,
        "packet_sent": 1088507,
        "packet_received": 1075806,
        "sla_targets_met": [
          1
        ],
        "session": 1688,
        "tx_bandwidth": 1887515,
        "rx_bandwidth": 4335801,
        "state_changed": 1755099100
      },
      "port4": {
        "status": "down"
      }
    }
  },
  "vdom": "root",
  "path": "virtual-wan",
  "name": "health-check",
  "status": "success",
  "serial": "FG100FTK23086683",
  "version": "v7.6.3",
  "build": 3510
}