{
  "http_method": "GET",
  "results": {
    "Default_DNS": {
      "wan1": {
        "status": "up",
        "latency": 4.225300312042236,
        "jitter": 1.2672665119171143,
        "packet_loss": 0.0,
        "packet_sent": 2534224,
        "packet_received": 2520694,
        "sla_targets_met": [
          1
        ],
        "session": 5703,
        "tx_bandwidth": 2648037,
        "rx_bandwidth": 22802743,
        "state_changed": 1755011013
      },
      "wan2": {
        "status": "up",
        "latency": 21.211902618408203,
        "jitter": 0.05066661909222603,
        "packet_loss": 0.0,
        "packet_sent": 2534224,
        "packet_received": 2512179,
        "sla_targets_met": [
          1
        ],
        "session": 6825,
        "tx_bandwidth": 3791900,
        "rx_bandwidth": 38353737,
        "state_changed": 1755011094
      },
      "port5": {
        "status": "up",
        "latency": 16.59613609313965,
        "jitter": 10.183732986450195,
        "packet_loss": 0.0,
        "packet_sent": 2534224,
        "packet_received": 2370865,
        "sla_targets_met": [
          1
        ],
        "session": 5233,
        "tx_bandwidth": 2445855,
        "rx_bandwidth": 29366387,
        "state_changed": 1755099025
      }
    },
    "meet.google.com": {
      "wan1": {
        "status": "up",
        "latency": 84.17300415039062,
        "jitter": 10.535398483276367,
        "packet_loss": 0.0,
        "packet_sent": 21406,
        "packet_received": 21260,
        "sla_targets_met": [
          1
        ],
        "session": 5703,
        "tx_bandwidth": 2648037,
        "rx_bandwidth": 22802743,
        "state_changed": 1755011013
      },
      "wan2": {
        "status": "up",
        "latency": 79.64232635498047,
        "jitter": 7.291133403778076,
        "packet_loss": 0.0,
        "packet_sent": 21397,
        "packet_received": 21238,
        "sla_targets_met": [
          1
        ],
        "session": 6825,
        "tx_bandwidth": 3791900,
        "rx_bandwidth": 38353737,
        "state_changed": 1755011094
      },
      "port5": {
        "status": "up",
        "latency": 129.00576782226562,
        "jitter": 73.50536346435547,
        "packet_loss": 0.0,
        "packet_sent": 21402,
        "packet_received": 20076,
        "sla_targets_met": [
          1
        ],
        "session": 5233,
        "tx_bandwidth": 2445855,
        "rx_bandwidth": 29366387,
        "state_changed": 1755099025
      }
    },
    "M11_API": {
      "wan1": {
        "status": "up",
        "latency": 6.45953369140625,
        "jitter": 1.561400055885315,
        "packet_loss": 0.0,
        "packet_sent": 1918666,
        "packet_received": 1916142,
        "sla_targets_met": [
          1
        ],
        "session": 5703,
        "tx_bandwidth": 2648037,
        "rx_bandwidth": 22802743,
        "state_changed": 1755011013
      },
      "wan2": {
        "status": "up",
        "latency": 3.4569997787475586,
        "jitter": 0.3375333249568939,
        "packet_loss": 0.0,
        "packet_sent": 1915326,
        "packet_received": 1912809,
        "sla_targets_met": [
          1
        ],
        "session": 6825,
        "tx_bandwidth": 3791900,
        "rx_bandwidth": 38353737,
        "state_changed": 1755011094
      },
      "port5": {
        "status": "up",
        "latency": 24.288700103759766,
        "jitter": 21.60849952697754,
        "packet_loss": 0.0,
        "packet_sent": 1719510,
        "packet_received": 1638684,
        "sla_targets_met": [
          1
        ],
        "session": 5233,
        "tx_bandwidth": 2445855,
        "rx_bandwidth": 29366387,
        "state_changed": 1755099025
      }
    }
  },
  "vdom": "root",
  "path": "virtual-wan",
  "name": "health-check",
  "status": "success",
  "serial": "FG100FTK22036981",
  "version": "v7.4.7",
  "build": 2731
}