{
  "http_method": "GET",
  "results": {
    "Default_DNS": {
      "wan2": {
        "status": "up",
        "latency": 14.383769035339355,
        "jitter": 0.728866696357727,
        "packet_loss": 0.0,
        "packet_sent": 341205,
        "packet_received": 338062,
        "sla_targets_met": [
          1
        ],
        "session": 2382,
        "tx_bandwidth": 873896,
        "rx_bandwidth": 2033722,
        "state_changed": 1755092640
      },
      "wan1": {
        "status": "up",
        "latency": 31.758501052856445,
        "jitter": 3.194532871246338,
        "packet_loss": 0.0,
        "packet_sent": 341205,
        "packet_received": 340597,
        "sla_targets_met": [
          1
        ],
        "session": 2370,
        "tx_bandwidth": 845531,
        "rx_bandwidth": 1833866,
        "state_changed": 1755066431
      }
    },
    "Google Meet": {
      "wan2": {
        "status": "up",
        "latency": 94.84636688232422,
        "jitter": 11.460634231567383,
        "packet_loss": 0.0,
        "packet_sent": 671570,
        "packet_received": 670833,
        "sla_targets_met": [
          1
        ],
        "session": 2382,
        "tx_bandwidth": 873896,
        "rx_bandwidth": 2033722,
        "state_changed": 1755092640
      },
      "wan1": {
        "status": "up",
        "latency": 111.69287109375,
        "jitter": 10.71323299407959,
        "packet_loss": 0.0,
        "packet_sent": 672408,
        "packet_received": 672075,
        "sla_targets_met": [
          1
        ],
        "session": 2370,
        "tx_bandwidth": 845531,
        "rx_bandwidth": 1833866,
        "state_changed": 1755066431
      }
    },
    "Zoom Meeting": {
      "wan2": {
        "status": "up",
        "latency": 24.50079917907715,
        "jitter": 5.2093658447265625,
        "packet_loss": 0.0,
        "packet_sent": 667576,
        "packet_received": 665937,
        "sla_targets_met": [
          1
        ],
        "session": 2382,
        "tx_bandwidth": 873896,
        "rx_bandwidth": 2033722,
        "state_changed": 1755092640
      },
      "wan1": {
        "status": "up",
        "latency": 47.50776672363281,
        "jitter": 6.159499645233154,
        "packet_loss": 0.0,
        "packet_sent": 669077,
        "packet_received": 668248,
        "sla_targets_met": [
          1
        ],
        "session": 2370,
        "tx_bandwidth": 845531,
        "rx_bandwidth": 1833866,
        "state_changed": 1755066431
      }
    },
    "api_phoenix": {
      "wan2": {
        "status": "up",
        "latency": 27.40523338317871,
        "jitter": 2.3802669048309326,
        "packet_loss": 0.0,
        "packet_sent": 671782,
        "packet_received": 671076,
        "sla_targets_met": [
          1
        ],
        "session": 2382,
        "tx_bandwidth": 873896,
        "rx_bandwidth": 2033722,
        "state_changed": 1755092640
      },
      "wan1": {
        "status": "up",
        "latency": 32.667999267578125,
        "jitter": 3.449700117111206,
        "packet_loss": 0.0,
        "packet_sent": 672207,
        "packet_received": 671514,
        "sla_targets_met": [
          1
        ],
        "session": 2370,
        "tx_bandwidth": 845531,
        "rx_bandwidth": 1833866,
        "state_changed": 1755066431
      }
    }
  },
  "vdom": "root",
  "path": "virtual-wan",
  "name": "health-check",
  "status": "success",
  "serial": "FGT80FTK22080306",
  "version": "v7.4.3",
  "build": 2573
}